{"cameraMode":{"drawMode":0,"name":"Shaded","section":"Shading Mode"},"sceneLighting":true,"audioPlay":false,"sceneViewState":{"m_AlwaysRefresh":false,"showFog":true,"showSkybox":true,"showFlares":true,"showImageEffects":true,"showParticleSystems":true,"showVisualEffectGraphs":true,"m_FxEnabled":true},"in2DMode":false,"pivot":{"x":-4.261558532714844,"y":-3.7601518630981447,"z":14.109355926513672},"rotation":{"x":0.2334156036376953,"y":-0.23580338060855866,"z":0.05844956263899803,"w":0.9415687918663025},"size":15.617215156555176,"orthographic":false}