{"cameraMode":{"drawMode":0,"name":"Shaded","section":"Shading Mode"},"sceneLighting":true,"audioPlay":false,"sceneViewState":{"m_AlwaysRefresh":false,"showFog":true,"showSkybox":true,"showFlares":true,"showImageEffects":true,"showParticleSystems":true,"showVisualEffectGraphs":true,"m_FxEnabled":true},"in2DMode":false,"pivot":{"x":-14.05371379852295,"y":-1.7882909774780274,"z":28.225353240966798},"rotation":{"x":0.08420772850513458,"y":-0.16600631177425385,"z":0.014214583672583104,"w":0.9824545383453369},"size":23.022499084472658,"orthographic":false}