{"cameraMode":{"drawMode":0,"name":"Shaded","section":"Shading Mode"},"sceneLighting":true,"audioPlay":false,"sceneViewState":{"m_AlwaysRefresh":false,"showFog":true,"showSkybox":true,"showFlares":true,"showImageEffects":true,"showParticleSystems":true,"showVisualEffectGraphs":true,"m_FxEnabled":true},"in2DMode":false,"pivot":{"x":-9.81930923461914,"y":0.9338023662567139,"z":1.6339530944824219},"rotation":{"x":0.09105778485536576,"y":-0.6870784759521484,"z":0.08791091293096543,"w":0.7156117558479309},"size":10.849518775939942,"orthographic":false}