{"cameraMode":{"drawMode":0,"name":"Shaded","section":"Shading Mode"},"sceneLighting":true,"audioPlay":false,"sceneViewState":{"m_AlwaysRefresh":false,"showFog":true,"showSkybox":true,"showFlares":true,"showImageEffects":true,"showParticleSystems":true,"showVisualEffectGraphs":true,"m_FxEnabled":true},"in2DMode":false,"pivot":{"x":3.3416197299957277,"y":2.0902366638183595,"z":-2.2293808460235597},"rotation":{"x":0.0015236168401315809,"y":-0.9946980476379395,"z":-0.03664276376366615,"w":-0.10036682337522507},"size":1.662935733795166,"orthographic":false}