{"cameraMode":{"drawMode":0,"name":"Shaded","section":"Shading Mode"},"sceneLighting":true,"audioPlay":false,"sceneViewState":{"m_AlwaysRefresh":false,"showFog":true,"showSkybox":true,"showFlares":true,"showImageEffects":true,"showParticleSystems":true,"showVisualEffectGraphs":true,"m_FxEnabled":true},"in2DMode":false,"pivot":{"x":0.15636759996414185,"y":0.8636459112167358,"z":-5.809261798858643},"rotation":{"x":-0.21613799035549165,"y":0.6570375561714172,"z":-0.21145054697990418,"w":-0.6917477250099182},"size":0.2948709726333618,"orthographic":false}